level_0,index, Flow Duration, Total Fwd Packets, Total Backward Packets,Total Length of Fwd Packets, Total Length of Bwd Packets, Fwd Packet Length Max, Fwd Packet Length Min, Fwd Packet Length Mean, Fwd Packet Length Std,Bwd Packet Length Max, Bwd Packet Length Min, Bwd Packet Length Mean, Bwd Packet Length Std,Flow Bytes/s, Flow Packets/s, Flow IAT Mean, Flow IAT Std, Flow IAT Max, Flow IAT Min,Fwd IAT Total, Fwd IAT Mean, Fwd IAT Std, Fwd IAT Max, Fwd IAT Min,Bwd IAT Total, Bwd IAT Mean, Bwd IAT Std, Bwd IAT Max, Bwd IAT Min,Fwd PSH Flags, Bwd PSH Flags, Fwd URG Flags, Bwd URG Flags, Fwd Header Length, Bwd Header Length,Fwd Packets/s, Bwd Packets/s, Min Packet Length, Max Packet Length, Packet Length Mean, Packet Length Std, Packet Length Variance,FIN Flag Count, SYN Flag Count, RST Flag Count, PSH Flag Count, ACK Flag Count, URG Flag Count, CWE Flag Count, ECE Flag Count, Down/Up Ratio, Average Packet Size, Avg Fwd Segment Size, Avg Bwd Segment Size, Fwd Header Length.1,Fwd Avg Bytes/Bulk, Fwd Avg Packets/Bulk, Fwd Avg Bulk Rate, Bwd Avg Bytes/Bulk, Bwd Avg Packets/Bulk,Bwd Avg Bulk Rate,Subflow Fwd Packets, Subflow Fwd Bytes, Subflow Bwd Packets, Subflow Bwd Bytes,Init_Win_bytes_forward, Init_Win_bytes_backward, act_data_pkt_fwd, min_seg_size_forward,Active Mean, Active Std, Active Max, Active Min,Idle Mean, Idle Std, Idle Max, Idle Min, Label
0,0,3,2,0,12,0,6,6,6.0,0.0,0,0,0.0,0.0,4000000.0,666666.6667,3.0,0.0,3,3,3,3.0,0.0,3,3,0,0.0,0.0,0,0,0,0,0,0,40,0,666666.6667,0.0,6,6,6.0,0.0,0.0,0,0,0,0,1,0,0,0,0,9.0,6.0,0.0,40,0,0,0,0,0,0,2,12,0,0,33,-1,1,20,0.0,0.0,0,0,0.0,0.0,0,0,0
1,1,109,1,1,6,6,6,6,6.0,0.0,6,6,6.0,0.0,110091.7431,18348.62385,109.0,0.0,109,109,0,0.0,0.0,0,0,0,0.0,0.0,0,0,0,0,0,0,20,20,9174.311927,9174.311927,6,6,6.0,0.0,0.0,0,0,0,0,1,1,0,0,1,9.0,6.0,6.0,20,0,0,0,0,0,0,1,6,1,6,29,256,0,20,0.0,0.0,0,0,0.0,0.0,0,0,0
2,2,52,1,1,6,6,6,6,6.0,0.0,6,6,6.0,0.0,230769.2308,38461.53846,52.0,0.0,52,52,0,0.0,0.0,0,0,0,0.0,0.0,0,0,0,0,0,0,20,20,19230.76923,19230.76923,6,6,6.0,0.0,0.0,0,0,0,0,1,1,0,0,1,9.0,6.0,6.0,20,0,0,0,0,0,0,1,6,1,6,29,256,0,20,0.0,0.0,0,0,0.0,0.0,0,0,0
3,3,34,1,1,6,6,6,6,6.0,0.0,6,6,6.0,0.0,352941.1765,58823.52941,34.0,0.0,34,34,0,0.0,0.0,0,0,0,0.0,0.0,0,0,0,0,0,0,20,20,29411.76471,29411.76471,6,6,6.0,0.0,0.0,0,0,0,0,1,1,0,0,1,9.0,6.0,6.0,20,0,0,0,0,0,0,1,6,1,6,31,329,0,20,0.0,0.0,0,0,0.0,0.0,0,0,0
4,4,3,2,0,12,0,6,6,6.0,0.0,0,0,0.0,0.0,4000000.0,666666.6667,3.0,0.0,3,3,3,3.0,0.0,3,3,0,0.0,0.0,0,0,0,0,0,0,40,0,666666.6667,0.0,6,6,6.0,0.0,0.0,0,0,0,0,1,0,0,0,0,9.0,6.0,0.0,40,0,0,0,0,0,0,2,12,0,0,32,-1,1,20,0.0,0.0,0,0,0.0,0.0,0,0,0
536262,24072,60202640,9,9,322,256,322,0,35.77777778,107.3333333,256,0,28.44444444,85.33333333,9.600907867,0.29899021,3541331.765,4901981.331,10200000,47,51200000,6396441.875,5268489.909,10200000,234,60200000,7518953.625,4645137.318,10300000,637,0,0,0,0,296,296,0.149495105,0.149495105,0,322,30.42105263,91.78375297,8424.25731,0,0,0,1,0,0,0,0,1,32.11111111,35.77777778,28.44444444,296,0,0,0,0,0,0,9,322,9,256,29200,110,1,32,63678.2,22252.53596,103175,50911,10200000.0,34941.27201,10200000,10100000,1
536867,24677,57891,1,1,0,0,0,0,0.0,0.0,0,0,0.0,0.0,0.0,34.54768444,57891.0,0.0,57891,57891,0,0.0,0.0,0,0,0,0.0,0.0,0,0,0,0,0,0,32,32,17.27384222,17.27384222,0,0,0.0,0.0,0.0,0,0,0,0,1,1,0,0,1,0.0,0.0,0.0,32,0,0,0,0,0,0,1,0,1,0,237,110,0,32,0.0,0.0,0,0,0.0,0.0,0,0,1
568560,56376,134812,4,3,206,134,194,0,51.5,95.04209594,128,0,44.66666667,72.23111056,2522.03068,51.92416105,22468.66667,53230.91125,131123,123,134812,44937.33333,76126.81717,132841,949,132783,66391.5,91544.16521,131123,1660,0,0,0,0,92,72,29.67094917,22.25321188,0,194,42.5,75.2880184,5668.285714,0,0,0,1,0,0,0,0,0,48.57142857,51.5,44.66666667,92,0,0,0,0,0,0,4,206,3,134,8192,237,3,20,0.0,0.0,0,0,0.0,0.0,0,0,1
568585,56401,84,1,1,6,6,6,6,6.0,0.0,6,6,6.0,0.0,142857.1429,23809.52381,84.0,0.0,84,84,0,0.0,0.0,0,0,0,0.0,0.0,0,0,0,0,0,0,20,20,11904.7619,11904.7619,6,6,6.0,0.0,0.0,0,0,0,0,1,1,0,0,1,9.0,6.0,6.0,20,0,0,0,0,0,0,1,6,1,6,237,256,0,20,0.0,0.0,0,0,0.0,0.0,0,0,1
568780,56596,127781,4,3,206,134,194,0,51.5,95.04209594,128,0,44.66666667,72.23111056,2660.802467,54.78122726,21296.83333,50455.70005,124286,75,127781,42593.66667,72173.33699,125932,745,125987,62993.5,86680.68477,124286,1701,0,0,0,0,92,72,31.30355843,23.47766882,0,194,42.5,75.2880184,5668.285714,0,0,0,1,0,0,0,0,0,48.57142857,51.5,44.66666667,92,0,0,0,0,0,0,4,206,3,134,8192,237,3,20,0.0,0.0,0,0,0.0,0.0,0,0,1
18880,18883,1293792,3,7,26,11607,20,0,8.666666667,10.26320288,5840,0,1658.142857,2137.29708,8991.398927,7.72921768,143754.6667,430865.8067,1292730,2,747,373.5,523.9661249,744,3,1293746,215624.3333,527671.9348,1292730,2,0,0,0,0,72,152,2.318765304,5.410452376,0,5840,1057.545455,1853.437529,3435230.673,0,0,0,1,0,0,0,0,2,1163.3,8.666666667,1658.142857,72,0,0,0,0,0,0,3,26,7,11607,8192,229,2,20,0.0,0.0,0,0,0.0,0.0,0,0,2
18881,18884,4421382,4,0,24,0,6,6,6.0,0.0,0,0,0.0,0.0,5.42816703,0.904694505,1473794.0,2552042.631,4420639,340,4421382,1473794.0,2552042.631,4420639,340,0,0.0,0.0,0,0,0,0,0,0,80,0,0.904694505,0.0,6,6,6.0,0.0,0.0,0,0,0,0,1,0,0,0,0,7.5,6.0,0.0,80,0,0,0,0,0,0,4,24,0,0,256,-1,3,20,0.0,0.0,0,0,0.0,0.0,0,0,2
18882,18885,1083538,3,6,26,11601,20,0,8.666666667,10.26320288,4380,0,1933.5,1757.789948,10730.58813,8.306123089,135442.25,377725.315,1070206,41,12982,6491.0,8165.669109,12265,717,1083407,216681.4,477167.0977,1070206,41,0,0,0,0,72,132,2.768707696,5.537415393,0,4380,1162.7,1645.241762,2706820.456,0,0,0,1,0,0,0,0,2,1291.888889,8.666666667,1933.5,72,0,0,0,0,0,0,3,26,6,11601,8192,229,2,20,0.0,0.0,0,0,0.0,0.0,0,0,2
18883,18886,80034360,8,4,56,11601,20,0,7.0,5.656854249,8760,0,2900.25,4128.319301,145.6499433,0.149935603,7275850.909,21100000.0,70600000,6,78700000,11200000.0,26300000.0,70600000,247,1354806,451602.0,777575.2592,1349464,190,0,0,0,0,172,92,0.099957068,0.049978534,0,8760,897.1538462,2488.507044,6192667.308,0,0,0,0,1,0,0,0,0,971.9166667,7.0,2900.25,172,0,0,0,0,0,0,8,56,4,11601,256,229,6,20,939.0,0.0,939,939,39300000.0,44200000.0,70600000,8072664,2
18884,18887,642654,3,6,26,11607,20,0,8.666666667,10.26320288,5840,0,1934.5,2538.919278,18101.49785,14.0044254,80331.75,226824.6943,641694,3,801,400.5,540.9366876,783,18,642493,128498.6,286885.1169,641694,3,0,0,0,0,72,132,4.668141799,9.336283599,0,5840,1163.3,2138.329153,4572451.567,0,0,0,1,0,0,0,0,2,1292.555556,8.666666667,1934.5,72,0,0,0,0,0,0,3,26,6,11607,8192,229,2,20,0.0,0.0,0,0,0.0,0.0,0,0,2
2467754,331033,5008837,4,5,341,3525,341,0,85.25,170.5,2077,0,705.0,990.6447396,771.8358573,1.796824293,626104.625,1768252.596,5002306,47,6531,2177.0,496.9144796,2615,1637,5008656,1252164.0,2500882.604,5003487,49,0,0,0,0,136,168,0.798588575,0.998235718,0,2077,386.6,747.7609838,559146.4889,0,0,0,1,0,0,0,0,1,429.5555556,85.25,705.0,136,0,0,0,0,0,0,4,341,5,3525,29200,235,1,32,0.0,0.0,0,0,0.0,0.0,0,0,3
2467755,331034,5008159,7,5,417,11632,417,0,59.57142857,157.6111852,8736,0,2326.4,3796.176603,2405.874095,2.39609006,455287.1818,1507748.058,5001318,1,6841,1140.166667,1318.71656,3050,1,5008060,1252015.0,2500685.137,5003042,181,0,0,0,0,232,168,1.397719202,0.998370858,0,8736,926.8461538,2478.420729,6142569.308,0,0,0,1,0,0,0,0,0,1004.083333,59.57142857,2326.4,232,0,0,0,0,0,0,7,417,5,11632,29200,235,1,32,0.0,0.0,0,0,0.0,0.0,0,0,3
2467756,331035,5004971,7,6,381,11632,381,0,54.42857143,144.0044642,5792,0,1938.666667,2544.918912,2400.213708,2.597417647,417080.9167,1443457.55,5000674,4,4297,716.1666667,1076.922544,2847,4,5004804,1000960.8,2237144.241,5002886,47,0,0,0,0,232,200,1.398609502,1.198808145,0,5792,858.0714286,1855.776448,3443906.225,0,0,0,1,0,0,0,0,0,924.0769231,54.42857143,1938.666667,232,0,0,0,0,0,0,7,381,6,11632,29200,235,1,32,0.0,0.0,0,0,0.0,0.0,0,0,3
2467757,331036,5004703,7,5,414,11632,414,0,59.14285714,156.4772918,7288,0,2326.4,3351.290617,2406.936036,2.397744681,454973.0,1507321.858,4999719,31,4984,830.6666667,1336.863892,3550,201,5004658,1251164.5,2500939.038,5002573,163,0,0,0,0,232,168,1.398684397,0.999060284,0,7288,926.6153846,2254.526319,5082888.923,0,0,0,1,0,0,0,0,0,1003.833333,59.14285714,2326.4,232,0,0,0,0,0,0,7,414,5,11632,29200,235,1,32,0.0,0.0,0,0,0.0,0.0,0,0,3
2467758,331037,5005677,8,6,325,11632,325,0,40.625,114.9048519,5792,0,1938.666667,2544.918912,2388.687884,2.796824485,385052.0769,1387277.632,5002191,13,3486,498.0,575.834467,1779,179,5005624,1001124.8,2237924.044,5004445,13,0,0,0,0,264,200,1.59818542,1.198639065,0,5792,797.1333333,1802.932804,3250566.695,0,0,0,1,0,0,0,0,0,854.0714286,40.625,1938.666667,264,0,0,0,0,0,0,8,325,6,11632,29200,235,1,32,0.0,0.0,0,0,0.0,0.0,0,0,3
2212538,74860,1878,3,6,382,11595,382,0,127.3333333,220.5478028,4355,0,1932.5,2182.468304,6377529.286,4792.332268,234.75,229.1298758,577,15,975,487.5,265.1650429,675,300,1780,356.0,399.7880689,950,15,0,0,0,0,104,200,1597.444089,3194.888179,0,4355,1197.7,1886.332364,3558249.789,0,0,0,1,0,0,0,0,2,1330.777778,127.3333333,1932.5,104,0,0,0,0,0,0,3,382,6,11595,29200,235,1,32,0.0,0.0,0,0,0.0,0.0,0,0,4
2212539,74861,1550,3,6,372,11595,372,0,124.0,214.7743001,5792,0,1932.5,2537.820147,7720645.161,5806.451613,193.75,262.9398356,658,3,669,334.5,402.3437585,619,50,1503,300.6,366.3137999,742,3,0,0,0,0,104,200,1935.483871,3870.967742,0,5792,1196.7,2119.419944,4491940.9,0,0,0,1,0,0,0,0,2,1329.666667,124.0,1932.5,104,0,0,0,0,0,0,3,372,6,11595,29200,235,1,32,0.0,0.0,0,0,0.0,0.0,0,0,4
2212540,74862,497,4,0,0,0,0,0,0.0,0.0,0,0,0.0,0.0,0.0,8048.289738,165.6666667,153.2068319,304,1,497,165.6666667,153.2068319,304,1,0,0.0,0.0,0,0,0,0,0,0,128,0,8048.289738,0.0,0,0,0.0,0.0,0.0,0,0,0,0,1,0,0,0,0,0.0,0.0,0.0,128,0,0,0,0,0,0,4,0,0,0,251,-1,0,32,0.0,0.0,0,0,0.0,0.0,0,0,4
2212541,74863,1893,3,7,348,11595,348,0,116.0,200.9178937,4344,0,1656.428571,1760.597234,6309033.281,5282.62018,210.3333333,237.8592021,769,3,967,483.5,584.777308,897,70,1765,294.1666667,351.9019276,956,3,0,0,0,0,104,232,1584.786054,3697.834126,0,4344,1085.727273,1579.834427,2495876.818,0,0,0,1,0,0,0,0,2,1194.3,116.0,1656.428571,104,0,0,0,0,0,0,3,348,7,11595,29200,235,1,32,0.0,0.0,0,0,0.0,0.0,0,0,4
2212542,74864,1942,3,6,351,11595,351,0,117.0,202.6499445,5803,0,1932.5,2539.075088,6151390.319,4634.397528,242.75,457.0360255,1348,2,1455,727.5,939.7449122,1392,63,1898,379.6,625.9547108,1477,2,0,0,0,0,104,200,1544.799176,3089.598352,0,5803,1194.6,2121.17259,4499373.156,0,0,0,1,0,0,0,0,2,1327.333333,117.0,1932.5,104,0,0,0,0,0,0,3,351,6,11595,29200,235,1,32,0.0,0.0,0,0,0.0,0.0,0,0,4
2206953,69275,16045,5,3,356,1964,356,0,71.2,159.20804,1964,0,654.6666667,1133.915929,144593.3313,498.597694,2292.142857,2236.412934,5415,73,16045,4011.25,1779.76822,5415,1459,9788,4894.0,946.1088732,5563,4225,0,0,0,0,168,104,311.6235587,186.9741352,0,1964,257.7777778,650.5754718,423248.4444,0,0,0,1,0,0,0,0,0,290.0,71.2,654.6666667,168,0,0,0,0,0,0,5,356,3,1964,29200,235,1,32,0.0,0.0,0,0,0.0,0.0,0,0,5
2206954,69276,109998919,4,3,525,0,520,0,131.25,259.1773846,0,0,0.0,0.0,4.772774176,0.063636989,18300000.0,44900000.0,110000000,79,110000000,36700000.0,63500000.0,110000000,1460,110000000,55000000.0,77800000.0,110000000,5585,0,0,0,0,136,104,0.036363994,0.027272995,0,520,65.625,183.6035617,33710.26786,0,0,0,1,0,0,0,0,0,75.0,131.25,0.0,136,0,0,0,0,0,0,4,525,3,0,29200,235,2,32,5735.0,0.0,5735,5735,110000000.0,0.0,110000000,110000000,5
2206955,69277,109993343,4,3,531,0,520,0,132.75,258.218738,0,0,0.0,0.0,4.827564883,0.063640215,18300000.0,44900000.0,110000000,46,110000000,36700000.0,63500000.0,110000000,673,110000000,55000000.0,77800000.0,110000000,5391,0,0,0,0,136,104,0.036365837,0.027274378,0,520,66.375,183.332592,33610.83929,0,0,0,1,0,0,0,0,0,75.85714286,132.75,0.0,136,0,0,0,0,0,0,4,531,3,0,29200,235,2,32,5437.0,0.0,5437,5437,110000000.0,0.0,110000000,110000000,5
2206956,69278,109988359,4,3,535,0,520,0,133.75,257.5970691,0,0,0.0,0.0,4.864151123,0.063643099,18300000.0,44900000.0,110000000,83,110000000,36700000.0,63500000.0,110000000,855,110000000,55000000.0,77800000.0,110000000,5417,0,0,0,0,136,104,0.036367485,0.027275614,0,520,66.875,183.1653722,33549.55357,0,0,0,1,0,0,0,0,0,76.42857143,133.75,0.0,136,0,0,0,0,0,0,4,535,3,0,29200,235,2,32,5505.0,0.0,5505,5505,110000000.0,0.0,110000000,110000000,5
2206957,69279,109982960,4,3,530,0,520,0,132.5,258.3763405,0,0,0.0,0.0,4.818928314,0.063646223,18300000.0,44900000.0,110000000,68,110000000,36700000.0,63500000.0,110000000,641,110000000,55000000.0,77800000.0,110000000,5216,0,0,0,0,136,104,0.03636927,0.027276953,0,520,66.25,183.3760773,33626.78571,0,0,0,1,0,0,0,0,0,75.71428571,132.5,0.0,136,0,0,0,0,0,0,4,530,3,0,29200,235,2,32,5303.0,0.0,5303,5303,110000000.0,0.0,110000000,110000000,5
2144246,6558,5169956,8,6,1101,4222,410,0,137.625,185.7586279,3525,0,703.6666667,1395.868284,1029.602573,2.707953414,397688.9231,1368409.299,4951173,112,218783,31254.71429,30686.29396,78311,219,5169833,1033966.6,2218975.06,5002421,840,0,0,0,0,172,132,1.547401951,1.160551463,0,3525,354.8666667,895.1151456,801231.1238,0,0,0,1,0,0,0,0,0,380.2142857,137.625,703.6666667,172,0,0,0,0,0,0,8,1101,6,4222,8192,254,7,20,0.0,0.0,0,0,0.0,0.0,0,0,6
2164385,26700,229,2,0,12,0,6,6,6.0,0.0,0,0,0.0,0.0,52401.74672,8733.624454,229.0,0.0,229,229,229,229.0,0.0,229,229,0,0.0,0.0,0,0,0,0,0,0,40,0,8733.624454,0.0,6,6,6.0,0.0,0.0,0,0,0,0,1,0,0,0,0,9.0,6.0,0.0,40,0,0,0,0,0,0,2,12,0,0,253,-1,1,20,0.0,0.0,0,0,0.0,0.0,0,0,6
2164386,26701,5001928,3,1,12,0,6,0,4.0,3.464101615,0,0,0.0,0.0,2.399074917,0.799691639,1667309.333,2886995.878,5000925,127,5001928,2500964.0,3535478.752,5000925,1003,0,0.0,0.0,0,0,0,0,0,0,72,32,0.599768729,0.19992291,0,6,2.4,3.286335345,10.8,0,0,0,1,0,0,0,0,0,3.0,4.0,0.0,72,0,0,0,0,0,0,3,12,1,0,8192,29200,2,20,0.0,0.0,0,0,0.0,0.0,0,0,6
2164387,26702,5125872,8,7,1659,2514,467,0,207.375,221.2780652,1047,0,359.1428571,420.18386,814.1053854,2.926331364,366133.7143,1320784.35,4954614,73,171258,24465.42857,21945.24622,57169,1001,5125743,854290.5,2033515.304,5004981,2049,0,0,0,0,172,152,1.560710061,1.365621303,0,1047,260.8125,322.5548468,104041.6292,0,0,0,1,0,0,0,0,0,278.2,207.375,359.1428571,172,0,0,0,0,0,0,8,1659,7,2514,8192,262,7,20,0.0,0.0,0,0,0.0,0.0,0,0,6
2164388,26703,214,2,0,12,0,6,6,6.0,0.0,0,0,0.0,0.0,56074.76636,9345.794393,214.0,0.0,214,214,214,214.0,0.0,214,214,0,0.0,0.0,0,0,0,0,0,0,40,0,9345.794393,0.0,6,6,6.0,0.0,0.0,0,0,0,0,1,0,0,0,0,9.0,6.0,0.0,40,0,0,0,0,0,0,2,12,0,0,253,-1,1,20,0.0,0.0,0,0,0.0,0.0,0,0,6
1703319,11347,5216127,3,1,0,0,0,0,0.0,0.0,0,0,0.0,0.0,0.0,0.766852494,1738709.0,3010454.167,5214882,124,5216127,2608063.5,3686598.077,5214882,1245,0,0.0,0.0,0,0,0,0,0,0,104,40,0.575139371,0.191713124,0,0,0.0,0.0,0.0,0,0,0,1,0,0,0,0,0,0.0,0.0,0.0,104,0,0,0,0,0,0,3,0,1,0,29200,28960,0,32,0.0,0.0,0,0,0.0,0.0,0,0,7
1703320,11348,20,1,1,0,0,0,0,0.0,0.0,0,0,0.0,0.0,0.0,100000.0,20.0,0.0,20,20,0,0.0,0.0,0,0,0,0.0,0.0,0,0,0,0,0,0,32,32,50000.0,50000.0,0,0,0.0,0.0,0.0,0,0,0,0,1,1,0,0,1,0.0,0.0,0.0,32,0,0,0,0,0,0,1,0,1,0,229,227,0,32,0.0,0.0,0,0,0.0,0.0,0,0,7
1703321,11349,38,1,1,0,0,0,0,0.0,0.0,0,0,0.0,0.0,0.0,52631.57895,38.0,0.0,38,38,0,0.0,0.0,0,0,0,0.0,0.0,0,0,0,0,0,0,32,32,26315.78947,26315.78947,0,0,0.0,0.0,0.0,0,0,0,0,1,1,0,0,1,0.0,0.0,0.0,32,0,0,0,0,0,0,1,0,1,0,229,227,0,32,0.0,0.0,0,0,0.0,0.0,0,0,7
1703322,11350,80,1,1,0,0,0,0,0.0,0.0,0,0,0.0,0.0,0.0,25000.0,80.0,0.0,80,80,0,0.0,0.0,0,0,0,0.0,0.0,0,0,0,0,0,0,32,32,12500.0,12500.0,0,0,0.0,0.0,0.0,0,0,0,0,1,1,0,0,1,0.0,0.0,0.0,32,0,0,0,0,0,0,1,0,1,0,229,227,0,32,0.0,0.0,0,0,0.0,0.0,0,0,7
1703323,11351,68,1,1,0,0,0,0,0.0,0.0,0,0,0.0,0.0,0.0,29411.76471,68.0,0.0,68,68,0,0.0,0.0,0,0,0,0.0,0.0,0,0,0,0,0,0,32,32,14705.88235,14705.88235,0,0,0.0,0.0,0.0,0,0,0,0,1,1,0,0,1,0.0,0.0,0.0,32,0,0,0,0,0,0,1,0,1,0,229,227,0,32,0.0,0.0,0,0,0.0,0.0,0,0,7
2733817,597130,119302728,2685,1729,8299,7556917,517,0,3.090875233,16.85842056,17376,0,4370.686524,2566.935004,63411.92802,36.99831575,27034.38205,174625.7584,5024984,0,119000000,44449.50857,222461.7159,5025702,0,119000000,69040.90509,273867.424,5024984,1,0,0,0,0,85928,55336,22.50577204,14.49254371,0,17376,1713.525708,2669.389319,7125639.337,0,0,0,1,0,0,0,0,0,1713.91391,3.090875233,4370.686524,85928,0,0,0,0,0,0,2685,8299,1729,7556917,29200,235,118,32,2217.0,0.0,2217,2217,5024984.0,0.0,5024984,5024984,8
2733862,597175,119262215,2792,2110,13712,7878135,5792,0,4.911174785,110.3764478,14480,0,3733.71327,2366.09794,66172.23234,41.10270801,24334.26138,152902.2865,995350,0,119000000,42730.98065,200884.2122,996350,0,119000000,56549.17307,229177.9322,995350,1,0,0,0,0,89356,67520,23.41059991,17.6921081,0,14480,1610.776871,2414.090913,5827834.935,0,0,0,0,1,0,0,0,0,1611.105467,4.911174785,3733.71327,89356,0,0,0,0,0,0,2792,13712,2110,7878135,235,235,120,32,0.0,0.0,0,0,0.0,0.0,0,0,8
2733896,597209,119261118,2794,2130,12264,7879536,4344,0,4.38940587,83.21163543,13032,0,3699.312676,2314.906035,66172.44692,41.28755526,24225.29311,152596.5581,995259,0,119000000,42699.91694,200852.4929,996402,0,119000000,56017.42696,228206.6403,995259,1,0,0,0,0,89408,68160,23.42758517,17.85997009,0,13032,1603.27797,2381.909586,5673493.274,0,0,0,0,1,0,0,0,0,1603.603574,4.38940587,3699.312676,89408,0,0,0,0,0,0,2794,12264,2130,7879536,235,235,120,32,0.0,0.0,0,0,0.0,0.0,0,0,8
2733952,597265,119260295,2791,2114,13712,7878088,5792,0,4.912934432,110.3961875,13032,0,3726.626301,2284.046514,66172.90356,41.1285248,24318.98348,152794.7907,995259,-1,119000000,42745.53082,200841.3366,997791,0,119000000,56441.21202,228878.5304,995259,1,0,0,0,0,89312,67648,23.40259178,17.72593301,0,13032,1609.782307,2377.954578,5654667.975,0,0,0,0,1,0,0,0,0,1610.110499,4.912934432,3726.626301,89312,0,0,0,0,0,0,2791,13712,2114,7878088,235,235,120,32,0.0,0.0,0,0,0.0,0.0,0,0,8
2733964,597277,119297996,2782,2089,9368,7882432,1448,0,3.36736161,30.50502966,17376,0,3773.303973,2372.06653,66151.99135,40.83052661,24496.50842,153244.6799,995302,0,119000000,42897.49874,201057.4173,998229,0,119000000,57135.03448,230051.9919,995302,2,0,0,0,0,89024,66848,23.31975468,17.51077193,0,17376,1620.124795,2427.68666,5893662.519,0,0,0,0,1,0,0,0,0,1620.457401,3.36736161,3773.303973,89024,0,0,0,0,0,0,2782,9368,2089,7882432,235,235,120,32,0.0,0.0,0,0,0.0,0.0,0,0,8
1299433,66383,42664070,5,6,141,291,93,0,28.2,38.8612918,267,0,48.5,107.0696035,10.12561624,0.257828191,4266407.0,13400000.0,42400000,29,255908,63977.0,94867.03992,201415,609,42700000,8532630.2,18900000.0,42400000,595,0,0,0,0,112,132,0.117194632,0.140633559,0,267,36.0,77.39978858,5990.727273,0,0,0,1,0,0,0,0,1,39.27272727,28.2,48.5,112,0,0,0,0,0,0,5,141,6,291,8192,229,4,20,0.0,0.0,0,0,0.0,0.0,0,0,9
1301460,68410,2030,2,0,12,0,6,6,6.0,0.0,0,0,0.0,0.0,5911.330049,985.2216749,2030.0,0.0,2030,2030,2030,2030.0,0.0,2030,2030,0,0.0,0.0,0,0,0,0,0,0,40,0,985.2216749,0.0,6,6,6.0,0.0,0.0,0,0,0,0,1,0,0,0,0,9.0,6.0,0.0,40,0,0,0,0,0,0,2,12,0,0,255,-1,1,20,0.0,0.0,0,0,0.0,0.0,0,0,9
1305631,72581,119991834,5523,5525,2866110,33406,1274,0,518.940793,204.2035303,267,0,6.046334842,3.512317683,24164.27771,92.07293223,10861.93844,112321.3571,9432176,3,120000000,21729.77798,158193.1653,9432951,493,120000000,21721.7529,158125.0232,9432176,582,0,0,0,0,110472,110512,46.02813221,46.04480002,0,1274,262.4233867,294.3120341,86619.57344,0,0,0,1,0,0,0,0,1,262.4471398,518.940793,6.046334842,110472,0,0,0,0,0,0,5523,2866110,5525,33406,8192,3294,5522,20,997842.0,831471.3076,1585781,409903,8143987.5,1821773.648,9432176,6855799,9
1306140,73090,5005212,15,15,0,90,0,0,0.0,0.0,6,6,6.0,0.0,17.98125634,5.993752113,172593.5172,241196.3685,513363,297,5004692,357478.0,233594.2419,513925,771,5004624,357473.1429,233602.7404,513927,832,0,0,0,0,460,300,2.996876056,2.996876056,0,6,2.903225806,3.048003048,9.290322581,0,0,0,1,0,0,0,0,1,3.0,0.0,6.0,460,0,0,0,0,0,0,15,0,15,90,8192,0,0,28,0.0,0.0,0,0,0.0,0.0,0,0,9
1306684,73634,119973135,4376,4374,2321478,26244,1273,6,530.5022852,262.7688148,6,6,6.0,0.0,19568.73095,72.93299454,13712.7826,20459.26463,1163091,1,120000000,27422.43086,23472.11964,1196394,95,120000000,27431.07249,22575.23889,1163557,527,0,0,0,0,87520,87480,36.47483247,36.45816207,6,1273,268.2811107,321.4144458,103307.246,0,0,0,0,1,0,0,0,0,268.3117714,530.5022852,6.0,87520,0,0,0,0,0,0,4376,2321478,4374,26244,3294,3294,4375,20,0.0,0.0,0,0,0.0,0.0,0,0,9
227204,1463,5021059,6,5,703,1414,356,0,117.1666667,181.5361305,1050,0,282.8,456.923626,421.6242032,2.190772903,502105.9,1568379.157,4965658,19,55401,11080.2,17612.66701,41863,19,5020928,1255232.0,2499939.593,5005133,1053,0,0,0,0,200,168,1.194967038,0.995805865,0,1050,176.4166667,317.4711034,100787.9015,0,0,0,1,0,0,0,0,0,192.4545455,117.1666667,282.8,200,0,0,0,0,0,0,6,703,5,1414,29200,243,2,32,0.0,0.0,0,0,0.0,0.0,0,0,10
227208,1467,70,1,1,0,0,0,0,0.0,0.0,0,0,0.0,0.0,0.0,28571.42857,70.0,0.0,70,70,0,0.0,0.0,0,0,0,0.0,0.0,0,0,0,0,0,0,32,32,14285.71429,14285.71429,0,0,0.0,0.0,0.0,0,0,0,0,1,1,0,0,1,0.0,0.0,0.0,32,0,0,0,0,0,0,1,0,1,0,253,243,0,32,0.0,0.0,0,0,0.0,0.0,0,0,10
227209,1468,5024211,6,5,703,1414,356,0,117.1666667,181.5361305,1050,0,282.8,456.923626,421.3596921,2.189398495,502421.1,1567646.993,4963884,19,60327,12065.4,17903.39797,42441,19,5024076,1256019.0,2498298.343,5003449,948,0,0,0,0,200,168,1.194217361,0.995181134,0,1050,176.4166667,317.4711034,100787.9015,0,0,0,1,0,0,0,0,0,192.4545455,117.1666667,282.8,200,0,0,0,0,0,0,6,703,5,1414,29200,243,2,32,0.0,0.0,0,0,0.0,0.0,0,0,10
227221,1480,52,1,1,0,0,0,0,0.0,0.0,0,0,0.0,0.0,0.0,38461.53846,52.0,0.0,52,52,0,0.0,0.0,0,0,0,0.0,0.0,0,0,0,0,0,0,32,32,19230.76923,19230.76923,0,0,0.0,0.0,0.0,0,0,0,0,1,1,0,0,1,0.0,0.0,0.0,32,0,0,0,0,0,0,1,0,1,0,253,243,0,32,0.0,0.0,0,0,0.0,0.0,0,0,10
227252,1511,5386396,3,1,0,0,0,0,0.0,0.0,0,0,0.0,0.0,0.0,0.742611572,1795465.333,3108998.888,5385428,130,5386396,2693198.0,3807388.179,5385428,968,0,0.0,0.0,0,0,0,0,0,0,104,40,0.556958679,0.185652893,0,0,0.0,0.0,0.0,0,0,0,1,0,0,0,0,0,0.0,0.0,0.0,104,0,0,0,0,0,0,3,0,1,0,29200,28960,0,32,0.0,0.0,0,0,0.0,0.0,0,0,10
1853897,161989,404,2,0,0,0,0,0,0.0,0.0,0,0,0.0,0.0,0.0,4950.49505,404.0,0.0,404,404,404,404.0,0.0,404,404,0,0.0,0.0,0,0,0,0,0,0,64,0,4950.49505,0.0,0,0,0.0,0.0,0.0,0,0,0,0,1,0,0,0,0,0.0,0.0,0.0,64,0,0,0,0,0,0,2,0,0,0,259,-1,0,32,0.0,0.0,0,0,0.0,0.0,0,0,11
1853898,161990,5808851,15,18,1496,2297,640,0,99.73333333,166.6851037,976,0,127.6111111,288.1713418,652.9690639,5.680985792,181526.5937,534015.4383,1978974,18,5808851,414917.9286,796605.2643,2032159,434,5707732,335748.9412,706064.5178,1978974,18,0,0,0,0,488,584,2.582266269,3.098719523,0,976,111.5588235,234.8360087,55147.95098,0,0,0,1,0,0,0,0,1,114.9393939,99.73333333,127.6111111,488,0,0,0,0,0,0,15,1496,18,2297,29200,257,10,32,0.0,0.0,0,0,0.0,0.0,0,0,11
1853959,162051,5840763,18,19,1480,2297,640,0,82.22222222,155.7990997,976,0,120.8947368,281.5782691,646.6620885,6.334788794,162243.4167,504075.2867,1976459,37,5840763,343574.2941,733405.7283,2032024,615,5739761,318875.6111,686433.9535,1976459,37,0,0,0,0,584,616,3.081789143,3.252999651,0,976,99.39473684,224.4374998,50372.19132,0,0,0,1,0,0,0,0,1,102.0810811,82.22222222,120.8947368,584,0,0,0,0,0,0,18,1480,19,2297,29200,247,10,32,0.0,0.0,0,0,0.0,0.0,0,0,11
1853960,162052,5797001,17,19,1480,2297,640,0,87.05882353,159.1950339,976,0,120.8947368,281.5782691,651.5437896,6.210107606,165628.6,511031.6261,1964335,17,5797001,362312.5625,748646.5763,2008036,247,5695942,316441.2222,687455.3386,1964335,17,0,0,0,0,552,616,2.932550814,3.277556792,0,976,102.0810811,226.9131477,51489.57658,0,0,0,1,0,0,0,0,1,104.9166667,87.05882353,120.8947368,552,0,0,0,0,0,0,17,1480,19,2297,29200,247,10,32,0.0,0.0,0,0,0.0,0.0,0,0,11
1853961,162053,5776990,15,19,1480,2297,640,0,98.66666667,166.5424299,976,0,120.8947368,281.5782691,653.8006817,5.885417839,175060.303,523350.2299,1971363,55,5776990,412642.1429,789541.905,2016262,784,5675890,315327.2222,685287.4275,1971363,56,0,0,0,0,488,616,2.59650787,3.288909969,0,976,107.9142857,232.0999241,53870.37479,0,0,0,1,0,0,0,0,1,111.0882353,98.66666667,120.8947368,488,0,0,0,0,0,0,15,1480,19,2297,29200,247,10,32,0.0,0.0,0,0,0.0,0.0,0,0,11
1534271,12637,5185118,7,7,1022,2321,372,0,146.0,184.0787875,1047,0,331.5714286,439.6592837,644.7297824,2.700034985,398855.2308,1372180.71,4963956,4,221162,36860.33333,56141.02125,141434,4,5185004,864167.3333,2027593.314,5001548,879,0,0,0,0,232,232,1.350017492,1.350017492,0,1047,222.8666667,331.3239387,109775.5524,0,0,0,1,0,0,0,0,1,238.7857143,146.0,331.5714286,232,0,0,0,0,0,0,7,1022,7,2321,29200,252,3,32,0.0,0.0,0,0,0.0,0.0,0,0,12
1534277,12643,5057374,10,7,736,9880,395,0,73.6,155.6835822,4344,0,1411.428571,1639.91543,2099.113097,3.361428283,316085.875,1239255.101,4963124,36,5057374,561930.4444,1650529.188,4963124,192,56185,9364.166667,10567.11844,21624,36,0,0,0,0,328,232,1.977310755,1.384117528,0,4344,589.7777778,1190.454068,1417180.889,0,0,0,1,0,0,0,0,0,624.4705882,73.6,1411.428571,328,0,0,0,0,0,0,10,736,7,9880,29200,243,2,32,0.0,0.0,0,0,0.0,0.0,0,0,12
1534334,12700,81,1,1,0,0,0,0,0.0,0.0,0,0,0.0,0.0,0.0,24691.35802,81.0,0.0,81,81,0,0.0,0.0,0,0,0,0.0,0.0,0,0,0,0,0,0,32,32,12345.67901,12345.67901,0,0,0.0,0.0,0.0,0,0,0,0,1,1,0,0,1,0.0,0.0,0.0,32,0,0,0,0,0,0,1,0,1,0,270,252,0,32,0.0,0.0,0,0,0.0,0.0,0,0,12
1534346,12712,5271123,7,5,969,1430,561,0,138.4285714,240.5021532,1066,0,286.0,463.646417,455.1212332,2.27655473,479193.0,1488840.005,4961916,46,5271123,878520.5,2003102.755,4961916,323,270207,67551.75,131604.8651,264957,1034,0,0,0,0,232,168,1.327990259,0.948564471,0,1066,184.5384615,330.0668153,108944.1026,0,0,0,1,0,0,0,0,0,199.9166667,138.4285714,286.0,232,0,0,0,0,0,0,7,969,5,1430,29200,244,2,32,0.0,0.0,0,0,0.0,0.0,0,0,12
1534425,12791,5020638,7,4,973,1430,565,0,139.0,241.6754021,1066,0,357.5,502.5359025,478.6244298,2.190956608,502063.8,1567338.192,4962654,18,5020638,836773.0,2021330.139,4962654,18,18708,6236.0,5195.494587,11318,934,0,0,0,0,232,136,1.394245114,0.796711494,0,1066,200.25,340.2325742,115758.2045,0,0,0,1,0,0,0,0,0,218.4545455,139.0,357.5,232,0,0,0,0,0,0,7,973,4,1430,29200,244,2,32,0.0,0.0,0,0,0.0,0.0,0,0,12
1611921,90293,5006127,4,4,447,530,447,0,111.75,223.5,530,0,132.5,265.0,195.1608499,1.59804176,715161.0,1889619.815,5000415,4,5712,1904.0,2168.235227,4266,4,5005996,1668665.333,2885896.206,5001011,1407,0,0,0,0,136,136,0.79902088,0.79902088,0,530,108.5555556,216.4053552,46831.27778,0,0,0,1,0,0,0,0,1,122.125,111.75,132.5,136,0,0,0,0,0,0,4,447,4,530,29200,235,1,32,0.0,0.0,0,0,0.0,0.0,0,0,13
1611956,90328,508,2,1,0,0,0,0,0.0,0.0,0,0,0.0,0.0,0.0,5905.511811,254.0,309.7127702,473,35,508,508.0,0.0,508,508,0,0.0,0.0,0,0,0,0,0,0,64,32,3937.007874,1968.503937,0,0,0.0,0.0,0.0,0,0,0,0,1,1,0,0,0,0.0,0.0,0.0,64,0,0,0,0,0,0,2,0,1,0,237,235,0,32,0.0,0.0,0,0,0.0,0.0,0,0,13
1611957,90329,5069927,4,4,460,1840,460,0,115.0,230.0,1840,0,460.0,920.0,453.6554471,1.57793199,724275.2857,1885988.001,5000920,4,69007,23002.33333,39060.03203,68102,4,5069799,1689933.0,2868230.999,5001659,870,0,0,0,0,136,136,0.788965995,0.788965995,0,1840,255.5555556,613.3333333,376177.7778,0,0,0,1,0,0,0,0,1,287.5,115.0,460.0,136,0,0,0,0,0,0,4,460,4,1840,29200,235,1,32,0.0,0.0,0,0,0.0,0.0,0,0,13
1611979,90351,42,1,1,0,0,0,0,0.0,0.0,0,0,0.0,0.0,0.0,47619.04762,42.0,0.0,42,42,0,0.0,0.0,0,0,0,0.0,0.0,0,0,0,0,0,0,32,32,23809.52381,23809.52381,0,0,0.0,0.0,0.0,0,0,0,0,1,1,0,0,1,0.0,0.0,0.0,32,0,0,0,0,0,0,1,0,1,0,257,235,0,32,0.0,0.0,0,0,0.0,0.0,0,0,13
1611998,90370,5038618,4,4,537,1881,537,0,134.25,268.5,1881,0,470.25,940.5,479.8934946,1.587736955,719802.5714,1889342.685,5004343,4,34275,11425.0,18999.11822,33357,4,5038504,1679501.333,2880144.775,5005156,872,0,0,0,0,136,136,0.793868477,0.793868477,0,1881,268.6666667,630.1680331,397111.75,0,0,0,1,0,0,0,0,1,302.25,134.25,470.25,136,0,0,0,0,0,0,4,537,4,1881,29200,235,1,32,0.0,0.0,0,0,0.0,0.0,0,0,13
1593762,72134,5638432,3,1,0,0,0,0,0.0,0.0,0,0,0.0,0.0,0.0,0.709417086,1879477.333,3254752.687,5637742,72,5638432,2819216.0,3985997.695,5637742,690,0,0.0,0.0,0,0,0,0,0,0,104,40,0.532062815,0.177354272,0,0,0.0,0.0,0.0,0,0,0,1,0,0,0,0,0,0.0,0.0,0.0,104,0,0,0,0,0,0,3,0,1,0,29200,28960,0,32,0.0,0.0,0,0,0.0,0.0,0,0,14
1593763,72135,5638527,3,1,0,0,0,0,0.0,0.0,0,0,0.0,0.0,0.0,0.709405134,1879509.0,3254757.302,5637779,146,5638527,2819263.5,3985982.846,5637779,748,0,0.0,0.0,0,0,0,0,0,0,104,40,0.53205385,0.177351283,0,0,0.0,0.0,0.0,0,0,0,1,0,0,0,0,0,0.0,0.0,0.0,104,0,0,0,0,0,0,3,0,1,0,29200,28960,0,32,0.0,0.0,0,0,0.0,0.0,0,0,14
1593764,72136,5945704,3,1,0,0,0,0,0.0,0.0,0,0,0.0,0.0,0.0,0.672754648,1981901.333,3432192.632,5945056,48,5945704,2972852.0,4203331.207,5945056,648,0,0.0,0.0,0,0,0,0,0,0,104,40,0.504565986,0.168188662,0,0,0.0,0.0,0.0,0,0,0,1,0,0,0,0,0,0.0,0.0,0.0,104,0,0,0,0,0,0,3,0,1,0,29200,28960,0,32,0.0,0.0,0,0,0.0,0.0,0,0,14
1593765,72137,6075117,16,12,2615,13133,559,0,163.4375,199.0490622,7240,0,1094.416667,1985.141601,2592.21345,4.608964733,225004.3333,968644.3136,5004329,4,1070788,71385.86667,214272.2428,841350,4,6075016,552274.1818,1497550.392,5005140,69,0,0,0,0,520,392,2.633694133,1.9752706,0,7240,543.0344828,1338.86443,1792557.963,0,0,0,1,0,0,0,0,0,562.4285714,163.4375,1094.416667,520,0,0,0,0,0,0,16,2615,12,13133,29200,286,7,32,0.0,0.0,0,0,0.0,0.0,0,0,14
1593803,72175,34,1,1,0,0,0,0,0.0,0.0,0,0,0.0,0.0,0.0,58823.52941,34.0,0.0,34,34,0,0.0,0.0,0,0,0,0.0,0.0,0,0,0,0,0,0,32,32,29411.76471,29411.76471,0,0,0.0,0.0,0.0,0,0,0,0,1,1,0,0,1,0.0,0.0,0.0,32,0,0,0,0,0,0,1,0,1,0,492,286,0,32,0.0,0.0,0,0,0.0,0.0,0,0,14
